Status,Listing Action,Product Name,SKU,Product Type,Parentage Level,Parent SKU,Variation Theme Name,Brand Name,Product ID Type,Product ID,Manufacturer,Part Number,Original Trade Price (inc VAT),Trade Sell Price (inc VAT),Original Consumer Price (inc VAT),Consumer Sell Price (inc VAT),VAT %,Qty Available,Units per  Product,"Unit Measurement
",Product Description,Bullet Points,Included Components,Special Features_1,Special Features_2,Special Features_3,Special Features_4,Special Features_5,Main Image URL,Image 2,Image 3,Image 4,Image 5,Image 6,Image 7,Image 8,Image 9,Age Restricted,Colour,Size,Style,Material,Edge,Shape,Finish,Packs per Product,Product Length Range,Product Length ,Product Length Unit,Product Width Range,Product Width ,Product Width Unit,Product Thickness ,Product Thickness Unit,Product Height,Product Height Unit,Product Weight,Product Weight Unit,Package Length,Package Length Unit,Package Width,Package Width Unit,Package Height,Package Height Unit,Package Weight,Package Weight Unit,Country of origin,No of Boxes,Delivery Time,Delivery Time Unit,Item form,Installation Type
Active,No action,Premium Plasterboard Sheets – High-Quality Gypsum Board for Walls & Ceilings,P100001,CARPETING,Parent,,Colour/Size,ABC,,,ABC,,,,,,,,,,"Upgrade your interior projects with this premium-grade plasterboard sheet designed for superior strength, smooth finishing, and ease of installation. Whether you're constructing new walls, repairing damaged sections, or installing false ceilings, this plasterboard provides the reliability and performance you need. Its lightweight design allows quick handling and cutting, making it suitable for homeowners, contractors, and professional installers. With added fire and moisture resistance, it ensures both safety and durability in various environments. Perfect for painting, wallpapering, or any finishing material, this plasterboard delivers a clean and polished look every time.","Provides excellent finish for painting, wallpapering, or decorative applications.
Designed for long-lasting performance—ideal for both residential and commercial interiors.
Lightweight and simple to handle; compatible with standard cutting tools for quick installation.
Engineered to meet safety standards, offering better protection in various environments.
Perfect for partition walls, false ceilings, repairs, renovations, and new installations.",,,,,,,https://example.com/images/vanity-main.jpg,,,,,,,,,No,,,,Gypsum,,Rectangle ,,,,,,,,,,,,,,,,,,,,,,,,,,,,
Active,Create or Replace (Full Update),Plasterboard 2400×1200×12.5 mm – Standard White | Tapered Edge Gypsum Board,100001,CARPETING,Child,P100001,Colour/Size,ABC,EAN,1000000000001,ABC,100001,,86.25,,80,20,500,10,,"Upgrade your interior projects with this premium-grade plasterboard sheet designed for superior strength, smooth finishing, and ease of installation. Whether you're constructing new walls, repairing damaged sections, or installing false ceilings, this plasterboard provides the reliability and performance you need. Its lightweight design allows quick handling and cutting, making it suitable for homeowners, contractors, and professional installers. With added fire and moisture resistance, it ensures both safety and durability in various environments. Perfect for painting, wallpapering, or any finishing material, this plasterboard delivers a clean and polished look every time.","Provides excellent finish for painting, wallpapering, or decorative applications.
Designed for long-lasting performance—ideal for both residential and commercial interiors.
Lightweight and simple to handle; compatible with standard cutting tools for quick installation.
Engineered to meet safety standards, offering better protection in various environments.
Perfect for partition walls, false ceilings, repairs, renovations, and new installations.",,Standard,,,,,https://example.com/images/vanity-main.jpg,,,,,,,,,No,Standard White,2400×1200×12.5 mm,,Gypsum,Tapered,Rectangle ,,1,,2400,Millimetres,,1200,Millimetres,12.5,Millimetres,,,,,,,,,,,,,,1,3,Days,,
Active,Create or Replace (Full Update),Moisture-Resistant Plasterboard 2400×1200×12.5 mm – Green | Bathroom & Kitchen Board,100002,CARPETING,Child,P100001,Colour/Size,ABC,EAN,1000000000001,ABC,100002,,86.25,,80,20,500,10,,"Upgrade your interior projects with this premium-grade plasterboard sheet designed for superior strength, smooth finishing, and ease of installation. Whether you're constructing new walls, repairing damaged sections, or installing false ceilings, this plasterboard provides the reliability and performance you need. Its lightweight design allows quick handling and cutting, making it suitable for homeowners, contractors, and professional installers. With added fire and moisture resistance, it ensures both safety and durability in various environments. Perfect for painting, wallpapering, or any finishing material, this plasterboard delivers a clean and polished look every time.","Provides excellent finish for painting, wallpapering, or decorative applications.
Designed for long-lasting performance—ideal for both residential and commercial interiors.
Lightweight and simple to handle; compatible with standard cutting tools for quick installation.
Engineered to meet safety standardring in various environments.
Perfect for partition walls, false ceilings, repairs, renovations, and new installations.",,Moisture-Resistant,,,,,https://example.com/images/vanity-main.jpg,,,,,,,,,No,Moisture Green,2400×1200×12.5 mm,,Gypsum,Tapered,Rectangle ,,1,,2400,Millimetres,,1200,Millimetres,12.5,Millimetres,,,,,,,,,,,,,,1,3,Days,,
Active,Create or Replace (Full Update),Fire-Rated Plasterboard 2400×1200×12.5 mm – Pink | Tapered Edge Fire-Resistant Sheet,100003,CARPETING,Child,P100001,Colour/Size,ABC,EAN,1000000000001,ABC,100003,,86.25,,80,20,500,10,,"Upgrade your interior projects with this premium-grade plasterboard sheet designed for superior strength, smooth finishing, and ease of installation. Whether you're constructing new walls, repairing damaged sections, or installing false ceilings, this plasterboard provides the reliability and performance you need. Its lightweight design allows quick handling and cutting, making it suitable for homeowners, contractors, and professional installers. With added fire and moisture resistance, it ensures both safety and durability in various environments. Perfect for painting, wallpapering, or any finishing material, this plasterboard delivers a clean and polished look every time.","Provides excellent finish for painting, wallpapering, or decorative applications.
Designed for long-lasting performance—ideal for both residential and commercial interiors.
Lightweight and simple to handle; compatible with standard cutting tools for quick installation.
Engineered to meet safety standards, offering better protection in various environments.
Perfect for partition walls, false ceilings, repairs, renovations, and new installations.",,Fire-Rated,,,,,https://example.com/images/vanity-main.jpg,,,,,,,,,No,Fire Pink,2400×1200×12.5 mm,,Gypsum,Tapered,Rectangle ,,1,,2400,Millimetres,,1200,Millimetres,12.5,Millimetres,,,,,,,,,,,,,,1,3,Days,,
Active,Create or Replace (Full Update),Fire-Rated Plasterboard 2400×1200×12.5 mm – Pink | Tapered Edge Fire-Resistant Sheet,100004,CARPETING,Child,P100001,Colour/Size,ABC,EAN,1000000000001,ABC,100004,,86.25,,80,20,500,10,,"Upgrade your interior projects with this premium-grade plasterboard sheet designed for superior strength, smooth finishing, and ease of installation. Whether you're constructing new walls, repairing damaged sections, or installing false ceilings, this plasterboard provides the reliability and performance you need. Its lightweight design allows quick handling and cutting, making it suitable for homeowners, contractors, and professional installers. With added fire and moisture resistance, it ensures both safety and durability in various environments. Perfect for painting, wallpapering, or any finishing material, this plasterboard delivers a clean and polished look every time.","Provides excellent finish for painting, wallpapering, or decorative applications.
Designed for long-lasting performance—ideal for both residential and commercial interiors.
Lightweight and simple to handle; compatible with standard cutting tools for quick installation.
Engineered to meet safety standards, offering better protection in various environments.
Perfect for partition walls, false ceilings, repairs, renovations, and new installations.",,Lightweight,,,,,https://example.com/images/vanity-main.jpg,,,,,,,,,No,Lightweight White,2400×1200×9.5 mm,,Gypsum,Tapered,Rectangle ,,1,,2400,Millimetres,,1200,Millimetres,9.5,Millimetres,,,,,,,,,,,,,,1,3,Days,,
Active,Create or Replace (Full Update),"Vanity Basin Sink Unit & Back-to-Wall Toilet WC with Cistern, Round Matt Black Plate Tap & Waste",vanitysink-PARENT,VINYL,Parent,,Colour/Size,ABC,,,ABC,,,,,, ,,,,"Upgrade your bathroom with this modern and fully coordinated Vanity Basin Sink Unit & Back-to-Wall Toilet WC Set, complete with a concealed cistern, round matt black plate tap, and matching waste. Designed to bring both style and functionality to any space, this set combines a contemporary look with practical everyday performance.

The vanity unit features a durable ceramic basin with a smooth, high-gloss finish that’s easy to clean and highly resistant to stains and scratches. Its compact, space-saving design makes it ideal for small bathrooms, cloakrooms, and en-suites.

Paired with a sleek back-to-wall toilet, this set conceals unsightly pipework and delivers a clean, minimalist appearance. The soft-close seat ensures a quiet and gentle close every time, adding to the overall comfort and durability.","Complete Bathroom Set Includes vanity basin unit, back-to-wall toilet, concealed cistern, round matt black plate tap, and matching waste for a full, ready-to-install solution.
Modern Space-Saving Design Compact vanity unit and sleek back-to-wall toilet maximise bathroom space while maintaining a stylish, minimalist appearance.
High-Quality Ceramic Basin Durable ceramic sink with a smooth, easy-clean glaze that resists stains, scratches, and everyday wear.
Soft-Close Toilet Seat Comfortable seat with soft-close hinge mechanism that prevents slamming, reduces noise, and increases longevity.
Durable Back-to-Wall Toilet Streamlined WC fits flush against the wall, helping conceal pipework for a cleaner, modern finish.",,,,,,,https://example.com/images/vanity-main.jpg,,,,,,,,,No,,,Modern,"ceramic, wood",,,,,,,,,,,,,,,,,,,,,,,,,,1,,,,
Active,Create or Replace (Full Update),"Vanity Basin Sink Unit & 500mm Back-to-Wall Toilet WC with Cistern, Round Matt Black Plate Tap & Waste (white)",vanitysink-500mm-white,VINYL,Child,vanitysink-PARENT,Colour/Size,ABC,EAN,1000000000001,ABC,100006,,355,,355,20,500,1,,"Upgrade your bathroom with this modern and fully coordinated Vanity Basin Sink Unit & Back-to-Wall Toilet WC Set, complete with a concealed cistern, round matt black plate tap, and matching waste. Designed to bring both style and functionality to any space, this set combines a contemporary look with practical everyday performance.

The vanity unit features a durable ceramic basin with a smooth, high-gloss finish that’s easy to clean and highly resistant to stains and scratches. Its compact, space-saving design makes it ideal for small bathrooms, cloakrooms, and en-suites.

Paired with a sleek back-to-wall toilet, this set conceals unsightly pipework and delivers a clean, minimalist appearance. The soft-close seat ensures a quiet and gentle close every time, adding to the overall comfort and durability.","Complete Bathroom Set Includes vanity basin unit, back-to-wall toilet, concealed cistern, round matt black plate tap, and matching waste for a full, ready-to-install solution.
Modern Space-Saving Design Compact vanity unit and sleek back-to-wall toilet maximise bathroom space while maintaining a stylish, minimalist appearance.
High-Quality Ceramic Basin Durable ceramic sink with a smooth, easy-clean glaze that resists stains, scratches, and everyday wear.
Soft-Close Toilet Seat Comfortable seat with soft-close hinge mechanism that prevents slamming, reduces noise, and increases longevity.
Durable Back-to-Wall Toilet Streamlined WC fits flush against the wall, helping conceal pipework for a cleaner, modern finish.",,,,,,,https://example.com/images/vanity-main.jpg,,,,,,,,,No,White,500mm,Modern,"ceramic, wood",,,,1,,,,,,,,,,,,,,,,,,,,,,1,3,Days,,
Active,Create or Replace (Full Update),"Vanity Basin Sink Unit & 500mm Back-to-Wall Toilet WC with Cistern, Round Matt Black Plate Tap & Waste (brown)",vanitysink-500mm-brown,VINYL,Child,vanitysink-PARENT,Colour/Size,ABC,EAN,1000000000001,ABC,100007,,430,,430,20,500,1,,"Upgrade your bathroom with this modern and fully coordinated Vanity Basin Sink Unit & Back-to-Wall Toilet WC Set, complete with a concealed cistern, round matt black plate tap, and matching waste. Designed to bring both style and functionality to any space, this set combines a contemporary look with practical everyday performance.

The vanity unit features a durable ceramic basin with a smooth, high-gloss finish that’s easy to clean and highly resistant to stains and scratches. Its compact, space-saving design makes it ideal for small bathrooms, cloakrooms, and en-suites.

Paired with a sleek back-to-wall toilet, this set conceals unsightly pipework and delivers a clean, minimalist appearance. The soft-close seat ensures a quiet and gentle close every time, adding to the overall comfort and durability.","Complete Bathroom Set Includes vanity basin unit, back-to-wall toilet, concealed cistern, round matt black plate tap, and matching waste for a full, ready-to-install solution.
Modern Space-Saving Design Compact vanity unit and sleek back-to-wall toilet maximise bathroom space while maintaining a stylish, minimalist appearance.
High-Quality Ceramic Basin Durable ceramic sink with a smooth, easy-clean glaze that resists stains, scratches, and everyday wear.
Soft-Close Toilet Seat Comfortable seat with soft-close hinge mechanism that prevents slamming, reduces noise, and increases longevity.
Durable Back-to-Wall Toilet Streamlined WC fits flush against the wall, helping conceal pipework for a cleaner, modern finish.",,,,,,,https://example.com/images/vanity-main.jpg,,,,,,,,,No,Brown,500mm,Modern,"ceramic, wood",,,,1,,,,,,,,,,,,,,,,,,,,,,1,3,Days,,
Active,Create or Replace (Full Update),"Vanity Basin Sink Unit & 500mm Back-to-Wall Toilet WC with Cistern, Round Matt Black Plate Tap & Waste (green)",vanitysink-500mm-green,VINYL,Child,vanitysink-PARENT,Colour/Size,ABC,EAN,1000000000001,ABC,100008,,495,,495,20,500,1,,"Upgrade your bathroom with this modern and fully coordinated Vanity Basin Sink Unit & Back-to-Wall Toilet WC Set, complete with a concealed cistern, round matt black plate tap, and matching waste. Designed to bring both style and functionality to any space, this set combines a contemporary look with practical everyday performance.

The vanity unit features a durable ceramic basin with a smooth, high-gloss finish that’s easy to clean and highly resistant to stains and scratches. Its compact, space-saving design makes it ideal for small bathrooms, cloakrooms, and en-suites.

Paired with a sleek back-to-wall toilet, this set conceals unsightly pipework and delivers a clean, minimalist appearance. The soft-close seat ensures a quiet and gentle close every time, adding to the overall comfort and durability.","Complete Bathroom Set Includes vanity basin unit, back-to-wall toilet, concealed cistern, round matt black plate tap, and matching waste for a full, ready-to-install solution.
Modern Space-Saving Design Compact vanity unit and sleek back-to-wall toilet maximise bathroom space while maintaining a stylish, minimalist appearance.
High-Quality Ceramic Basin Durable ceramic sink with a smooth, easy-clean glaze that resists stains, scratches, and everyday wear.
Soft-Close Toilet Seat Comfortable seat with soft-close hinge mechanism that prevents slamming, reduces noise, and increases longevity.
Durable Back-to-Wall Toilet Streamlined WC fits flush against the wall, helping conceal pipework for a cleaner, modern finish.",,,,,,,https://example.com/images/vanity-main.jpg,,,,,,,,,No,Green,500mm,Modern,"ceramic, wood",,,,1,,,,,,,,,,,,,,,,,,,,,,1,3,Days,,
Active,Create or Replace (Full Update),"Vanity Basin Sink Unit & 700mm Back-to-Wall Toilet WC with Cistern, Round Matt Black Plate Tap & Waste (white)",vanitysink-700mm-brown,VINYL,Child,vanitysink-PARENT,Colour/Size,ABC,EAN,1000000000001,ABC,100009,,355,,355,20,500,1,,"Upgrade your bathroom with this modern and fully coordinated Vanity Basin Sink Unit & Back-to-Wall Toilet WC Set, complete with a concealed cistern, round matt black plate tap, and matching waste. Designed to bring both style and functionality to any space, this set combines a contemporary look with practical everyday performance.

The vanity unit features a durable ceramic basin with a smooth, high-gloss finish that’s easy to clean and highly resistant to stains and scratches. Its compact, space-saving design makes it ideal for small bathrooms, cloakrooms, and en-suites.

Paired with a sleek back-to-wall toilet, this set conceals unsightly pipework and delivers a clean, minimalist appearance. The soft-close seat ensures a quiet and gentle close every time, adding to the overall comfort and durability.","Complete Bathroom Set Includes vanity basin unit, back-to-wall toilet, concealed cistern, round matt black plate tap, and matching waste for a full, ready-to-install solution.
Modern Space-Saving Design Compact vanity unit and sleek back-to-wall toilet maximise bathroom space while maintaining a stylish, minimalist appearance.
High-Quality Ceramic Basin Durable ceramic sink with a smooth, easy-clean glaze that resists stains, scratches, and everyday wear.
Soft-Close Toilet Seat Comfortable seat with soft-close hinge mechanism that prevents slamming, reduces noise, and increases longevity.
Durable Back-to-Wall Toilet Streamlined WC fits flush against the wall, helping conceal pipework for a cleaner, modern finish.",,,,,,,https://example.com/images/vanity-main.jpg,,,,,,,,,No,White,700mm,Modern,"ceramic, wood",,,,1,,,,,,,,,,,,,,,,,,,,,,1,3,Days,,
Active,Create or Replace (Full Update),"Vanity Basin Sink Unit & 700mm Back-to-Wall Toilet WC with Cistern, Round Matt Black Plate Tap & Waste (brown)",vanitysink-700mm-white,VINYL,Child,vanitysink-PARENT,Colour/Size,ABC,EAN,1000000000001,ABC,100010,,430,,430,20,500,1,,"Upgrade your bathroom with this modern and fully coordinated Vanity Basin Sink Unit & Back-to-Wall Toilet WC Set, complete with a concealed cistern, round matt black plate tap, and matching waste. Designed to bring both style and functionality to any space, this set combines a contemporary look with practical everyday performance.

The vanity unit features a durable ceramic basin with a smooth, high-gloss finish that’s easy to clean and highly resistant to stains and scratches. Its compact, space-saving design makes it ideal for small bathrooms, cloakrooms, and en-suites.

Paired with a sleek back-to-wall toilet, this set conceals unsightly pipework and delivers a clean, minimalist appearance. The soft-close seat ensures a quiet and gentle close every time, adding to the overall comfort and durability.","Complete Bathroom Set Includes vanity basin unit, back-to-wall toilet, concealed cistern, round matt black plate tap, and matching waste for a full, ready-to-install solution.
Modern Space-Saving Design Compact vanity unit and sleek back-to-wall toilet maximise bathroom space while maintaining a stylish, minimalist appearance.
High-Quality Ceramic Basin Durable ceramic sink with a smooth, easy-clean glaze that resists stains, scratches, and everyday wear.
Soft-Close Toilet Seat Comfortable seat with soft-close hinge mechanism that prevents slamming, reduces noise, and increases longevity.
Durable Back-to-Wall Toilet Streamlined WC fits flush against the wall, helping conceal pipework for a cleaner, modern finish.",,,,,,,https://example.com/images/vanity-main.jpg,,,,,,,,,No,Brown,700mm,Modern,"ceramic, wood",,,,1,,,,,,,,,,,,,,,,,,,,,,1,3,Days,,
Active,Create or Replace (Full Update),"Vanity Basin Sink Unit & 700mm Back-to-Wall Toilet WC with Cistern, Round Matt Black Plate Tap & Waste (green)",vanitysink-700mm-green,VINYL,Child,vanitysink-PARENT,Colour/Size,ABC,EAN,1000000000001,ABC,100011,,495,,495,20,500,1,,"Upgrade your bathroom with this modern and fully coordinated Vanity Basin Sink Unit & Back-to-Wall Toilet WC Set, complete with a concealed cistern, round matt black plate tap, and matching waste. Designed to bring both style and functionality to any space, this set combines a contemporary look with practical everyday performance.

The vanity unit features a durable ceramic basin with a smooth, high-gloss finish that’s easy to clean and highly resistant to stains and scratches. Its compact, space-saving design makes it ideal for small bathrooms, cloakrooms, and en-suites.

Paired with a sleek back-to-wall toilet, this set conceals unsightly pipework and delivers a clean, minimalist appearance. The soft-close seat ensures a quiet and gentle close every time, adding to the overall comfort and durability.","Complete Bathroom Set Includes vanity basin unit, back-to-wall toilet, concealed cistern, round matt black plate tap, and matching waste for a full, ready-to-install solution.
Modern Space-Saving Design Compact vanity unit and sleek back-to-wall toilet maximise bathroom space while maintaining a stylish, minimalist appearance.
High-Quality Ceramic Basin Durable ceramic sink with a smooth, easy-clean glaze that resists stains, scratches, and everyday wear.
Soft-Close Toilet Seat Comfortable seat with soft-close hinge mechanism that prevents slamming, reduces noise, and increases longevity.
Durable Back-to-Wall Toilet Streamlined WC fits flush against the wall, helping conceal pipework for a cleaner, modern finish.",,,,,,,https://example.com/images/vanity-main.jpg,,,,,,,,,No,Green,700mm,Modern,"ceramic, wood",,,,1,,,,,,,,,,,,,,,,,,,,,,1,3,Days,,
Active,Create or Replace (Full Update),"Vanity Basin Sink Unit & 850mm Back-to-Wall Toilet WC with Cistern, Round Matt Black Plate Tap & Waste  (white)",vanitysink-850mm-white,VINYL,Child,vanitysink-PARENT,Colour/Size,ABC,EAN,1000000000001,ABC,100012,,355,,355,20,500,1,,"Upgrade your bathroom with this modern and fully coordinated Vanity Basin Sink Unit & Back-to-Wall Toilet WC Set, complete with a concealed cistern, round matt black plate tap, and matching waste. Designed to bring both style and functionality to any space, this set combines a contemporary look with practical everyday performance.

The vanity unit features a durable ceramic basin with a smooth, high-gloss finish that’s easy to clean and highly resistant to stains and scratches. Its compact, space-saving design makes it ideal for small bathrooms, cloakrooms, and en-suites.

Paired with a sleek back-to-wall toilet, this set conceals unsightly pipework and delivers a clean, minimalist appearance. The soft-close seat ensures a quiet and gentle close every time, adding to the overall comfort and durability.","Complete Bathroom Set Includes vanity basin unit, back-to-wall toilet, concealed cistern, round matt black plate tap, and matching waste for a full, ready-to-install solution.
Modern Space-Saving Design Compact vanity unit and sleek back-to-wall toilet maximise bathroom space while maintaining a stylish, minimalist appearance.
High-Quality Ceramic Basin Durable ceramic sink with a smooth, easy-clean glaze that resists stains, scratches, and everyday wear.
Soft-Close Toilet Seat Comfortable seat with soft-close hinge mechanism that prevents slamming, reduces noise, and increases longevity.
Durable Back-to-Wall Toilet Streamlined WC fits flush against the wall, helping conceal pipework for a cleaner, modern finish.",,,,,,,https://example.com/images/vanity-main.jpg,,,,,,,,,No,White,850mm,Modern,"ceramic, wood",,,,1,,,,,,,,,,,,,,,,,,,,,,1,3,Days,,
Active,Create or Replace (Full Update),"Vanity Basin Sink Unit & 850mm Back-to-Wall Toilet WC with Cistern, Round Matt Black Plate Tap & Waste (brown)",vanitysink-850mm-brown,VINYL,Child,vanitysink-PARENT,Colour/Size,ABC,EAN,1000000000001,ABC,100013,,430,,430,20,500,1,,"Upgrade your bathroom with this modern and fully coordinated Vanity Basin Sink Unit & Back-to-Wall Toilet WC Set, complete with a concealed cistern, round matt black plate tap, and matching waste. Designed to bring both style and functionality to any space, this set combines a contemporary look with practical everyday performance.

The vanity unit features a durable ceramic basin with a smooth, high-gloss finish that’s easy to clean and highly resistant to stains and scratches. Its compact, space-saving design makes it ideal for small bathrooms, cloakrooms, and en-suites.

Paired with a sleek back-to-wall toilet, this set conceals unsightly pipework and delivers a clean, minimalist appearance. The soft-close seat ensures a quiet and gentle close every time, adding to the overall comfort and durability.","Complete Bathroom Set Includes vanity basin unit, back-to-wall toilet, concealed cistern, round matt black plate tap, and matching waste for a full, ready-to-install solution.
Modern Space-Saving Design Compact vanity unit and sleek back-to-wall toilet maximise bathroom space while maintaining a stylish, minimalist appearance.
High-Quality Ceramic Basin Durable ceramic sink with a smooth, easy-clean glaze that resists stains, scratches, and everyday wear.
Soft-Close Toilet Seat Comfortable seat with soft-close hinge mechanism that prevents slamming, reduces noise, and increases longevity.
Durable Back-to-Wall Toilet Streamlined WC fits flush against the wall, helping conceal pipework for a cleaner, modern finish.",,,,,,,https://example.com/images/vanity-main.jpg,,,,,,,,,No,Brown,850mm,Modern,"ceramic, wood",,,,1,,,,,,,,,,,,,,,,,,,,,,1,3,Days,,
Active,Create or Replace (Full Update),"Vanity Basin Sink Unit & 850mm Back-to-Wall Toilet WC with Cistern, Round Matt Black Plate Tap & Waste (green)",vanitysink-850mm-green,VINYL,Child,vanitysink-PARENT,Colour/Size,ABC,EAN,1000000000001,ABC,100014,,495,,495,20,500,1,,"Upgrade your bathroom with this modern and fully coordinated Vanity Basin Sink Unit & Back-to-Wall Toilet WC Set, complete with a concealed cistern, round matt black plate tap, and matching waste. Designed to bring both style and functionality to any space, this set combines a contemporary look with practical everyday performance.

The vanity unit features a durable ceramic basin with a smooth, high-gloss finish that’s easy to clean and highly resistant to stains and scratches. Its compact, space-saving design makes it ideal for small bathrooms, cloakrooms, and en-suites.

Paired with a sleek back-to-wall toilet, this set conceals unsightly pipework and delivers a clean, minimalist appearance. The soft-close seat ensures a quiet and gentle close every time, adding to the overall comfort and durability.","Complete Bathroom Set Includes vanity basin unit, back-to-wall toilet, concealed cistern, round matt black plate tap, and matching waste for a full, ready-to-install solution.
Modern Space-Saving Design Compact vanity unit and sleek back-to-wall toilet maximise bathroom space while maintaining a stylish, minimalist appearance.
High-Quality Ceramic Basin Durable ceramic sink with a smooth, easy-clean glaze that resists stains, scratches, and everyday wear.
Soft-Close Toilet Seat Comfortable seat with soft-close hinge mechanism that prevents slamming, reduces noise, and increases longevity.
Durable Back-to-Wall Toilet Streamlined WC fits flush against the wall, helping conceal pipework for a cleaner, modern finish.",,,,,,,https://example.com/images/vanity-main.jpg,,,,,,,,,No,Green,850mm,Modern,"ceramic, wood",,,,1,,,,,,,,,,,,,,,,,,,,,,1,,,,
Active,Create or Replace (Full Update),"600mm Floor Standing Bathroom Vanity Unit With Basin - Laquered Cloakroom Vanity Unit with 1 Tap Hole Ceramic
",Denvorvanitysink-PARENT,VINYL,Parent,,Colour ,ABC,EAN,1000000000001,ABC,,,,,,,,,,"Upgrade your bathroom with this stylish 600mm Floor Standing Bathroom Vanity Unit with Ceramic Basin, designed to bring modern elegance and practical functionality to any space. Featuring a premium lacquered finish, the unit delivers a smooth, water-resistant surface that’s easy to maintain and built to last.

The high-quality ceramic basin includes a single tap hole, making it compatible with all standard mono mixer taps. Its glossy, easy-clean surface resists stains and scratches, offering long-term durability.","600mm Floor-Standing Design Compact yet spacious vanity unit ideal for bathrooms, cloakrooms, and en-suites.
Durable Lacquered Finish High-quality lacquer coating provides a smooth, glossy surface that resists moisture, scratches, and daily wear.
premium Ceramic Basin Comes with a 1-tap-hole ceramic basin featuring a sleek, easy-clean glaze for long-lasting shine.
Soft-Close Door System Prevents slamming, reduces noise, and extends the life of the cabinet.
Ample Storage Space Internal shelf offers practical storage for toiletries, cleaning products, and bathroom essentials.
Easy to Install Floor-standing structure ensures simple setup and stability without wall mounting.
Modern Minimalist Look Clean lines and contemporary design make it suitable for all bathroom styles.",,,,,,,https://example.com/images/vanity-main.jpg,,,,,,,,,No,,,Modern,ceramic,,,,,,,,,,,,,,,,,,,,,,,,,,1,3,Days,,
Active,Create or Replace (Full Update),"Blue 600mm Floor Standing Bathroom Vanity Unit With Basin - Laquered Cloakroom Vanity Unit with 1 Tap Hole Ceramic
",Denvorvanitysink-Blue,VINYL,Child,Denvorvanitysink-PARENT,Colour ,ABC,EAN,1000000000001,ABC,100016,,149.99,,139,20,500,1,,"Upgrade your bathroom with this stylish 600mm Floor Standing Bathroom Vanity Unit with Ceramic Basin, designed to bring modern elegance and practical functionality to any space. Featuring a premium lacquered finish, the unit delivers a smooth, water-resistant surface that’s easy to maintain and built to last.

The high-quality ceramic basin includes a single tap hole, making it compatible with all standard mono mixer taps. Its glossy, easy-clean surface resists stains and scratches, offering long-term durability.","600mm Floor-Standing Design Compact yet spacious vanity unit ideal for bathrooms, cloakrooms, and en-suites.
Durable Lacquered Finish High-quality lacquer coating provides a smooth, glossy surface that resists moisture, scratches, and daily wear.
premium Ceramic Basin Comes with a 1-tap-hole ceramic basin featuring a sleek, easy-clean glaze for long-lasting shine.
Soft-Close Door System Prevents slamming, reduces noise, and extends the life of the cabinet.
Ample Storage Space Internal shelf offers practical storage for toiletries, cleaning products, and bathroom essentials.
Easy to Install Floor-standing structure ensures simple setup and stability without wall mounting.
Modern Minimalist Look Clean lines and contemporary design make it suitable for all bathroom styles.",,,,,,,https://example.com/images/vanity-main.jpg,,,,,,,,,No,Blue,(H) 80cm x (W) 60cm,Modern,ceramic,,,,1,,,,,,,,,,,,,,,,,,,,,,1,3,Days,,
Active,Create or Replace (Full Update),Denvor Grey 600mm Floor Standing Bathroom Vanity Unit With Basin - Laquered Cloakroom Vanity Unit with 1 Tap Hole Ceramic,Denvorvanitysink-grey,VINYL,Child,Denvorvanitysink-PARENT,Colour ,ABC,EAN,1000000000001,ABC,100017,,149.99,,139,20,500,1,,"Upgrade your bathroom with this stylish 600mm Floor Standing Bathroom Vanity Unit with Ceramic Basin, designed to bring modern elegance and practical functionality to any space. Featuring a premium lacquered finish, the unit delivers a smooth, water-resistant surface that’s easy to maintain and built to last.

The high-quality ceramic basin includes a single tap hole, making it compatible with all standard mono mixer taps. Its glossy, easy-clean surface resists stains and scratches, offering long-term durability.","600mm Floor-Standing Design Compact yet spacious vanity unit ideal for bathrooms, cloakrooms, and en-suites.
Durable Lacquered Finish High-quality lacquer coating provides a smooth, glossy surface that resists moisture, scratches, and daily wear.
premium Ceramic Basin Comes with a 1-tap-hole ceramic basin featuring a sleek, easy-clean glaze for long-lasting shine.
Soft-Close Door System Prevents slamming, reduces noise, and extends the life of the cabinet.
Ample Storage Space Internal shelf offers practical storage for toiletries, cleaning products, and bathroom essentials.
Easy to Install Floor-standing structure ensures simple setup and stability without wall mounting.
Modern Minimalist Look Clean lines and contemporary design make it suitable for all bathroom styles.",,,,,,,https://example.com/images/vanity-main.jpg,,,,,,,,,No,Grey,(H) 80cm x (W) 60cm,Modern,ceramic,,,,1,,,,,,,,,,,,,,,,,,,,,,1,3,Days,,
Active,Create or Replace (Full Update),Denvor White 600mm Floor Standing Bathroom Vanity Unit With Basin - Cloakroom Vanity Unit with 1 Tap hole Basin,Denvorvanitysink-white,VINYL,Child,Denvorvanitysink-PARENT,Colour ,ABC,EAN,1000000000001,ABC,100018,,149.99,,139,20,500,1,,"Upgrade your bathroom with this stylish 600mm Floor Standing Bathroom Vanity Unit with Ceramic Basin, designed to bring modern elegance and practical functionality to any space. Featuring a premium lacquered finish, the unit delivers a smooth, water-resistant surface that’s easy to maintain and built to last.

The high-quality ceramic basin includes a single tap hole, making it compatible with all standard mono mixer taps. Its glossy, easy-clean surface resists stains and scratches, offering long-term durability.","600mm Floor-Standing Design Compact yet spacious vanity unit ideal for bathrooms, cloakrooms, and en-suites.
Durable Lacquered Finish High-quality lacquer coating provides a smooth, glossy surface that resists moisture, scratches, and daily wear.
premium Ceramic Basin Comes with a 1-tap-hole ceramic basin featuring a sleek, easy-clean glaze for long-lasting shine.
Soft-Close Door System Prevents slamming, reduces noise, and extends the life of the cabinet.
Ample Storage Space Internal shelf offers practical storage for toiletries, cleaning products, and bathroom essentials.
Easy to Install Floor-standing structure ensures simple setup and stability without wall mounting.
Modern Minimalist Look Clean lines and contemporary design make it suitable for all bathroom styles.",,,,,,,https://example.com/images/vanity-main.jpg,,,,,,,,,No,White,(H) 80cm x (W) 60cm,Modern,ceramic,,,,1,,,,,,,,,,,,,,,,,,,,,,1,,,,
Active,Create or Replace (Full Update),Engineered Hardwood Flooring Multi-Ply Tongue & Groove Waterproof Wood Planks,EHF-PARENT,LAMINATE,Parent,,Size/Colour/No. of Packages,ABC,,,ABC,,,,,,,,,,"Premium engineered hardwood flooring with multi-ply core, waterproof surface and tongue & groove edges. Parent listing for all colour, size and pack variations.",Premium engineered hardwood | Waterproof multi-layer construction | Tongue & groove easy installation | Smooth wood grain finish | Ideal for home and office floors,,,,,,,https://example.com/images/flooring-main.jpg,,,,,,,,,No,,,Wood plank,Engineered hardwood,Tongue and groove,Rectangular,Smooth wood grain,,,,,,,,,,,,,,,,,,,,,,,,3,Days,Plank,Glue down
Active,Create or Replace (Full Update),Brown Oak Engineered Hardwood Flooring 914 x 152 mm (12-Pack),M-BO-914X152mm-12,LAMINATE,Child,EHF-PARENT,Size/Colour/No. of Packages,ABC,EAN,1000000000001,ABC,100018,,119.99,,109.99,20,50,12,,"Brown Oak engineered hardwood flooring in metric size 914 x 152 mm. Waterproof, tongue & groove, smooth finish.",Waterproof | Tongue & groove | Multiâ€‘ply core | Scratchâ€‘resistant | DIY installation,,Waterproof construction,,,,,https://example.com/images/brown-oak-36x6-main.jpg,,,,,,,,,No,Brown Oak,914 x 152 mm,Wood plank,Engineered hardwood,Tongue and groove,Rectangular,Smooth wood grain,1,,914,Millimetres,,152,Millimetres,10,Millimetres,,,10.51,Kilograms,,,,,,,,,,1,3,Days,Plank,Glue down
Active,Create or Replace (Full Update),Brown Oak Engineered Hardwood Flooring 914 x 152 mm (24-Pack),M-BO-914X152mm-24,LAMINATE,Child,EHF-PARENT,Size/Colour/No. of Packages,ABC,EAN,1000000000001,ABC,100018,,134.99,,124.99,20,50,24,,"Brown Oak engineered hardwood flooring in metric size 914 x 152 mm. Waterproof, tongue & groove, smooth finish.",Waterproof | Tongue & groove | Multiâ€‘ply core | Scratchâ€‘resistant | DIY installation,,Waterproof construction,,,,,https://example.com/images/brown-oak-36x6-main.jpg,,,,,,,,,No,Brown Oak,914 x 152 mm,Wood plank,Engineered hardwood,Tongue and groove,Rectangular,Smooth wood grain,2,,914,Millimetres,,152,Millimetres,10,Millimetres,,,20.11,Kilograms,,,,,,,,,,1,3,Days,Plank,Glue down
Active,Create or Replace (Full Update),Brown Oak Engineered Hardwood Flooring 914 x 152 mm (36-Pack),M-BO-914X152mm-36,LAMINATE,Child,EHF-PARENT,Size/Colour/No. of Packages,ABC,EAN,1000000000001,ABC,100018,,144.99,,134.99,20,50,36,,"Brown Oak engineered hardwood flooring in metric size 914 x 152 mm. Waterproof, tongue & groove, smooth finish.",Waterproof | Tongue & groove | Multiâ€‘ply core | Scratchâ€‘resistant | DIY installation,,Waterproof construction,,,,,https://example.com/images/brown-oak-36x6-main.jpg,,,,,,,,,No,Brown Oak,914 x 152 mm,Wood plank,Engineered hardwood,Tongue and groove,Rectangular,Smooth wood grain,3,,914,Millimetres,,152,Millimetres,10,Millimetres,,,29.71,Kilograms,,,,,,,,,,1,3,Days,Plank,Glue down
Active,Create or Replace (Full Update),Brown Oak Engineered Hardwood Flooring 1219 x 178 mm (12-Pack),M-BO-1219X178mm-12,LAMINATE,Child,EHF-PARENT,Size/Colour/No. of Packages,ABC,EAN,1000000000001,ABC,100018,,129.99,,119.99,20,50,12,,"Brown Oak engineered hardwood flooring in metric size 1219 x 178 mm. Waterproof, tongue & groove, smooth finish.",Waterproof | Tongue & groove | Multiâ€‘ply core | Scratchâ€‘resistant | DIY installation,,Waterproof construction,,,,,https://example.com/images/brown-oak-48x7-main.jpg,,,,,,,,,No,Brown Oak,1219 x 178 mm,Wood plank,Engineered hardwood,Tongue and groove,Rectangular,Smooth wood grain,1,,1219,Millimetres,,178,Millimetres,10,Millimetres,,,10.82,Kilograms,,,,,,,,,,1,3,Days,Plank,Glue down
Active,Create or Replace (Full Update),Brown Oak Engineered Hardwood Flooring 1219 x 178 mm (24-Pack),M-BO-1219X178mm-24,LAMINATE,Child,EHF-PARENT,Size/Colour/No. of Packages,ABC,EAN,1000000000001,ABC,100018,,144.99,,134.99,20,50,24,,"Brown Oak engineered hardwood flooring in metric size 1219 x 178 mm. Waterproof, tongue & groove, smooth finish.",Waterproof | Tongue & groove | Multiâ€‘ply core | Scratchâ€‘resistant | DIY installation,,Waterproof construction,,,,,https://example.com/images/brown-oak-48x7-main.jpg,,,,,,,,,No,Brown Oak,1219 x 178 mm,Wood plank,Engineered hardwood,Tongue and groove,Rectangular,Smooth wood grain,2,,1219,Millimetres,,178,Millimetres,10,Millimetres,,,20.42,Kilograms,,,,,,,,,,1,3,Days,Plank,Glue down
Active,Create or Replace (Full Update),Brown Oak Engineered Hardwood Flooring 1219 x 178 mm (36-Pack),M-BO-1219X178mm-36,LAMINATE,Child,EHF-PARENT,Size/Colour/No. of Packages,ABC,EAN,1000000000001,ABC,100018,,154.99,,144.99,20,50,36,,"Brown Oak engineered hardwood flooring in metric size 1219 x 178 mm. Waterproof, tongue & groove, smooth finish.",Waterproof | Tongue & groove | Multiâ€‘ply core | Scratchâ€‘resistant | DIY installation,,Waterproof construction,,,,,https://example.com/images/brown-oak-48x7-main.jpg,,,,,,,,,No,Brown Oak,1219 x 178 mm,Wood plank,Engineered hardwood,Tongue and groove,Rectangular,Smooth wood grain,3,,1219,Millimetres,,178,Millimetres,10,Millimetres,,,30.02,Kilograms,,,,,,,,,,1,3,Days,Plank,Glue down
Active,Create or Replace (Full Update),Brown Oak Engineered Hardwood Flooring 1524 x 191 mm (12-Pack),M-BO-1524X191mm-12,LAMINATE,Child,EHF-PARENT,Size/Colour/No. of Packages,ABC,EAN,1000000000001,ABC,100018,,139.99,,129.99,20,50,12,,"Brown Oak engineered hardwood flooring in metric size 1524 x 191 mm. Waterproof, tongue & groove, smooth finish.",Waterproof | Tongue & groove | Multiâ€‘ply core | Scratchâ€‘resistant | DIY installation,,Waterproof construction,,,,,https://example.com/images/brown-oak-60x75-main.jpg,,,,,,,,,No,Brown Oak,1524 x 191 mm,Wood plank,Engineered hardwood,Tongue and groove,Rectangular,Smooth wood grain,1,,1524,Millimetres,,191,Millimetres,12,Millimetres,,,11.12,Kilograms,,,,,,,,,,1,3,Days,Plank,Glue down
Active,Create or Replace (Full Update),Brown Oak Engineered Hardwood Flooring 1524 x 191 mm (24-Pack),M-BO-1524X191mm-24,LAMINATE,Child,EHF-PARENT,Size/Colour/No. of Packages,ABC,EAN,1000000000001,ABC,100018,,154.99,,144.99,20,50,24,,"Brown Oak engineered hardwood flooring in metric size 1524 x 191 mm. Waterproof, tongue & groove, smooth finish.",Waterproof | Tongue & groove | Multiâ€‘ply core | Scratchâ€‘resistant | DIY installation,,Waterproof construction,,,,,https://example.com/images/brown-oak-60x75-main.jpg,,,,,,,,,No,Brown Oak,1524 x 191 mm,Wood plank,Engineered hardwood,Tongue and groove,Rectangular,Smooth wood grain,2,,1524,Millimetres,,191,Millimetres,12,Millimetres,,,20.72,Kilograms,,,,,,,,,,1,3,Days,Plank,Glue down
Active,Create or Replace (Full Update),Brown Oak Engineered Hardwood Flooring 1524 x 191 mm (36-Pack),M-BO-1524X191mm-36,LAMINATE,Child,EHF-PARENT,Size/Colour/No. of Packages,ABC,EAN,1000000000001,ABC,100018,,164.99,,154.99,20,50,36,,"Brown Oak engineered hardwood flooring in metric size 1524 x 191 mm. Waterproof, tongue & groove, smooth finish.",Waterproof | Tongue & groove | Multiâ€‘ply core | Scratchâ€‘resistant | DIY installation,,Waterproof construction,,,,,https://example.com/images/brown-oak-60x75-main.jpg,,,,,,,,,No,Brown Oak,1524 x 191 mm,Wood plank,Engineered hardwood,Tongue and groove,Rectangular,Smooth wood grain,3,,1524,Millimetres,,191,Millimetres,12,Millimetres,,,30.32,Kilograms,,,,,,,,,,1,3,Days,Plank,Glue down
Active,Create or Replace (Full Update),Dark Walnut Engineered Hardwood Flooring 914 x 152 mm (12-Pack),M-DW-914X152mm-12,LAMINATE,Child,EHF-PARENT,Size/Colour/No. of Packages,ABC,EAN,1000000000001,ABC,100018,,119.99,,109.99,20,50,12,,"Dark Walnut engineered hardwood flooring in metric size 914 x 152 mm. Waterproof, tongue & groove, smooth finish.",Waterproof | Tongue & groove | Multiâ€‘ply core | Scratchâ€‘resistant | DIY installation,,Waterproof construction,,,,,https://example.com/images/dark-walnut-36x6-main.jpg,,,,,,,,,No,Dark Walnut,914 x 152 mm,Wood plank,Engineered hardwood,Tongue and groove,Rectangular,Smooth wood grain,1,,914,Millimetres,,152,Millimetres,10,Millimetres,,,10.51,Kilograms,,,,,,,,,,1,3,Days,Plank,Glue down
Active,Create or Replace (Full Update),Dark Walnut Engineered Hardwood Flooring 914 x 152 mm (24-Pack),M-DW-914X152mm-24,LAMINATE,Child,EHF-PARENT,Size/Colour/No. of Packages,ABC,EAN,1000000000001,ABC,100018,,134.99,,124.99,20,50,24,,"Dark Walnut engineered hardwood flooring in metric size 914 x 152 mm. Waterproof, tongue & groove, smooth finish.",Waterproof | Tongue & groove | Multiâ€‘ply core | Scratchâ€‘resistant | DIY installation,,Waterproof construction,,,,,https://example.com/images/dark-walnut-36x6-main.jpg,,,,,,,,,No,Dark Walnut,914 x 152 mm,Wood plank,Engineered hardwood,Tongue and groove,Rectangular,Smooth wood grain,2,,914,Millimetres,,152,Millimetres,10,Millimetres,,,20.11,Kilograms,,,,,,,,,,1,3,Days,Plank,Glue down
Active,Create or Replace (Full Update),Dark Walnut Engineered Hardwood Flooring 914 x 152 mm (36-Pack),M-DW-914X152mm-36,LAMINATE,Child,EHF-PARENT,Size/Colour/No. of Packages,ABC,EAN,1000000000001,ABC,100018,,144.99,,134.99,20,50,36,,"Dark Walnut engineered hardwood flooring in metric size 914 x 152 mm. Waterproof, tongue & groove, smooth finish.",Waterproof | Tongue & groove | Multiâ€‘ply core | Scratchâ€‘resistant | DIY installation,,Waterproof construction,,,,,https://example.com/images/dark-walnut-36x6-main.jpg,,,,,,,,,No,Dark Walnut,914 x 152 mm,Wood plank,Engineered hardwood,Tongue and groove,Rectangular,Smooth wood grain,3,,914,Millimetres,,152,Millimetres,10,Millimetres,,,29.71,Kilograms,,,,,,,,,,1,3,Days,Plank,Glue down
Active,Create or Replace (Full Update),Dark Walnut Engineered Hardwood Flooring 1219 x 178 mm (12-Pack),M-DW-1219X178mm-12,LAMINATE,Child,EHF-PARENT,Size/Colour/No. of Packages,ABC,EAN,1000000000001,ABC,100018,,129.99,,119.99,20,50,12,,"Dark Walnut engineered hardwood flooring in metric size 1219 x 178 mm. Waterproof, tongue & groove, smooth finish.",Waterproof | Tongue & groove | Multiâ€‘ply core | Scratchâ€‘resistant | DIY installation,,Waterproof construction,,,,,https://example.com/images/dark-walnut-48x7-main.jpg,,,,,,,,,No,Dark Walnut,1219 x 178 mm,Wood plank,Engineered hardwood,Tongue and groove,Rectangular,Smooth wood grain,1,,1219,Millimetres,,178,Millimetres,10,Millimetres,,,10.82,Kilograms,,,,,,,,,,1,3,Days,Plank,Glue down
Active,Create or Replace (Full Update),Dark Walnut Engineered Hardwood Flooring 1219 x 178 mm (24-Pack),M-DW-1219X178mm-24,LAMINATE,Child,EHF-PARENT,Size/Colour/No. of Packages,ABC,EAN,1000000000001,ABC,100018,,144.99,,134.99,20,50,24,,"Dark Walnut engineered hardwood flooring in metric size 1219 x 178 mm. Waterproof, tongue & groove, smooth finish.",Waterproof | Tongue & groove | Multiâ€‘ply core | Scratchâ€‘resistant | DIY installation,,Waterproof construction,,,,,https://example.com/images/dark-walnut-48x7-main.jpg,,,,,,,,,No,Dark Walnut,1219 x 178 mm,Wood plank,Engineered hardwood,Tongue and groove,Rectangular,Smooth wood grain,2,,1219,Millimetres,,178,Millimetres,10,Millimetres,,,20.42,Kilograms,,,,,,,,,,1,3,Days,Plank,Glue down
Active,Create or Replace (Full Update),Dark Walnut Engineered Hardwood Flooring 1219 x 178 mm (36-Pack),M-DW-1219X178mm-36,LAMINATE,Child,EHF-PARENT,Size/Colour/No. of Packages,ABC,EAN,1000000000001,ABC,100018,,154.99,,144.99,20,50,36,,"Dark Walnut engineered hardwood flooring in metric size 1219 x 178 mm. Waterproof, tongue & groove, smooth finish.",Waterproof | Tongue & groove | Multiâ€‘ply core | Scratchâ€‘resistant | DIY installation,,Waterproof construction,,,,,https://example.com/images/dark-walnut-48x7-main.jpg,,,,,,,,,No,Dark Walnut,1219 x 178 mm,Wood plank,Engineered hardwood,Tongue and groove,Rectangular,Smooth wood grain,3,,1219,Millimetres,,178,Millimetres,10,Millimetres,,,30.02,Kilograms,,,,,,,,,,1,3,Days,Plank,Glue down
Active,Create or Replace (Full Update),Dark Walnut Engineered Hardwood Flooring 1524 x 191 mm (12-Pack),M-DW-1524X191mm-12,LAMINATE,Child,EHF-PARENT,Size/Colour/No. of Packages,ABC,EAN,1000000000001,ABC,100018,,139.99,,129.99,20,50,12,,"Dark Walnut engineered hardwood flooring in metric size 1524 x 191 mm. Waterproof, tongue & groove, smooth finish.",Waterproof | Tongue & groove | Multiâ€‘ply core | Scratchâ€‘resistant | DIY installation,,Waterproof construction,,,,,https://example.com/images/dark-walnut-60x75-main.jpg,,,,,,,,,No,Dark Walnut,1524 x 191 mm,Wood plank,Engineered hardwood,Tongue and groove,Rectangular,Smooth wood grain,1,,1524,Millimetres,,191,Millimetres,12,Millimetres,,,11.12,Kilograms,,,,,,,,,,1,3,Days,Plank,Glue down
Active,Create or Replace (Full Update),Dark Walnut Engineered Hardwood Flooring 1524 x 191 mm (24-Pack),M-DW-1524X191mm-24,LAMINATE,Child,EHF-PARENT,Size/Colour/No. of Packages,ABC,EAN,1000000000001,ABC,100018,,154.99,,144.99,20,50,24,,"Dark Walnut engineered hardwood flooring in metric size 1524 x 191 mm. Waterproof, tongue & groove, smooth finish.",Waterproof | Tongue & groove | Multiâ€‘ply core | Scratchâ€‘resistant | DIY installation,,Waterproof construction,,,,,https://example.com/images/dark-walnut-60x75-main.jpg,,,,,,,,,No,Dark Walnut,1524 x 191 mm,Wood plank,Engineered hardwood,Tongue and groove,Rectangular,Smooth wood grain,2,,1524,Millimetres,,191,Millimetres,12,Millimetres,,,20.72,Kilograms,,,,,,,,,,1,3,Days,Plank,Glue down
Active,Create or Replace (Full Update),Dark Walnut Engineered Hardwood Flooring 1524 x 191 mm (36-Pack),M-DW-1524X191mm-36,LAMINATE,Child,EHF-PARENT,Size/Colour/No. of Packages,ABC,EAN,1000000000001,ABC,100018,,164.99,,154.99,20,50,36,,"Dark Walnut engineered hardwood flooring in metric size 1524 x 191 mm. Waterproof, tongue & groove, smooth finish.",Waterproof | Tongue & groove | Multiâ€‘ply core | Scratchâ€‘resistant | DIY installation,,Waterproof construction,,,,,https://example.com/images/dark-walnut-60x75-main.jpg,,,,,,,,,No,Dark Walnut,1524 x 191 mm,Wood plank,Engineered hardwood,Tongue and groove,Rectangular,Smooth wood grain,3,,1524,Millimetres,,191,Millimetres,12,Millimetres,,,30.32,Kilograms,,,,,,,,,,1,3,Days,Plank,Glue down
Active,Create or Replace (Full Update),Natural Oak Engineered Hardwood Flooring 914 x 152 mm (12-Pack),M-NO-914X152mm-12,LAMINATE,Child,EHF-PARENT,Size/Colour/No. of Packages,ABC,EAN,1000000000001,ABC,100018,,119.99,,109.99,20,50,12,,"Natural Oak engineered hardwood flooring in metric size 914 x 152 mm. Waterproof, tongue & groove, smooth finish.",Waterproof | Tongue & groove | Multiâ€‘ply core | Scratchâ€‘resistant | DIY installation,,Waterproof construction,,,,,https://example.com/images/natural-oak-36x6-main.jpg,,,,,,,,,No,Natural Oak,914 x 152 mm,Wood plank,Engineered hardwood,Tongue and groove,Rectangular,Smooth wood grain,1,,914,Millimetres,,152,Millimetres,10,Millimetres,,,10.51,Kilograms,,,,,,,,,,1,3,Days,Plank,Glue down
Active,Create or Replace (Full Update),Natural Oak Engineered Hardwood Flooring 914 x 152 mm (24-Pack),M-NO-914X152mm-24,LAMINATE,Child,EHF-PARENT,Size/Colour/No. of Packages,ABC,EAN,1000000000001,ABC,100018,,134.99,,124.99,20,50,24,,"Natural Oak engineered hardwood flooring in metric size 914 x 152 mm. Waterproof, tongue & groove, smooth finish.",Waterproof | Tongue & groove | Multiâ€‘ply core | Scratchâ€‘resistant | DIY installation,,Waterproof construction,,,,,https://example.com/images/natural-oak-36x6-main.jpg,,,,,,,,,No,Natural Oak,914 x 152 mm,Wood plank,Engineered hardwood,Tongue and groove,Rectangular,Smooth wood grain,2,,914,Millimetres,,152,Millimetres,10,Millimetres,,,20.11,Kilograms,,,,,,,,,,1,3,Days,Plank,Glue down
Active,Create or Replace (Full Update),Natural Oak Engineered Hardwood Flooring 914 x 152 mm (36-Pack),M-NO-914X152mm-36,LAMINATE,Child,EHF-PARENT,Size/Colour/No. of Packages,ABC,EAN,1000000000001,ABC,100018,,144.99,,134.99,20,50,36,,"Natural Oak engineered hardwood flooring in metric size 914 x 152 mm. Waterproof, tongue & groove, smooth finish.",Waterproof | Tongue & groove | Multiâ€‘ply core | Scratchâ€‘resistant | DIY installation,,Waterproof construction,,,,,https://example.com/images/natural-oak-36x6-main.jpg,,,,,,,,,No,Natural Oak,914 x 152 mm,Wood plank,Engineered hardwood,Tongue and groove,Rectangular,Smooth wood grain,3,,914,Millimetres,,152,Millimetres,10,Millimetres,,,29.71,Kilograms,,,,,,,,,,1,3,Days,Plank,Glue down
Active,Create or Replace (Full Update),Natural Oak Engineered Hardwood Flooring 1219 x 178 mm (12-Pack),M-NO-1219X178mm-12,LAMINATE,Child,EHF-PARENT,Size/Colour/No. of Packages,ABC,EAN,1000000000001,ABC,100018,,129.99,,119.99,20,50,12,,"Natural Oak engineered hardwood flooring in metric size 1219 x 178 mm. Waterproof, tongue & groove, smooth finish.",Waterproof | Tongue & groove | Multiâ€‘ply core | Scratchâ€‘resistant | DIY installation,,Waterproof construction,,,,,https://example.com/images/natural-oak-48x7-main.jpg,,,,,,,,,No,Natural Oak,1219 x 178 mm,Wood plank,Engineered hardwood,Tongue and groove,Rectangular,Smooth wood grain,1,,1219,Millimetres,,178,Millimetres,10,Millimetres,,,10.82,Kilograms,,,,,,,,,,1,3,Days,Plank,Glue down
Active,Create or Replace (Full Update),Natural Oak Engineered Hardwood Flooring 1219 x 178 mm (24-Pack),M-NO-1219X178mm-24,LAMINATE,Child,EHF-PARENT,Size/Colour/No. of Packages,ABC,EAN,1000000000001,ABC,100018,,144.99,,134.99,20,50,24,,"Natural Oak engineered hardwood flooring in metric size 1219 x 178 mm. Waterproof, tongue & groove, smooth finish.",Waterproof | Tongue & groove | Multiâ€‘ply core | Scratchâ€‘resistant | DIY installation,,Waterproof construction,,,,,https://example.com/images/natural-oak-48x7-main.jpg,,,,,,,,,No,Natural Oak,1219 x 178 mm,Wood plank,Engineered hardwood,Tongue and groove,Rectangular,Smooth wood grain,2,,1219,Millimetres,,178,Millimetres,10,Millimetres,,,20.42,Kilograms,,,,,,,,,,1,3,Days,Plank,Glue down
Active,Create or Replace (Full Update),Natural Oak Engineered Hardwood Flooring 1219 x 178 mm (36-Pack),M-NO-1219X178mm-36,LAMINATE,Child,EHF-PARENT,Size/Colour/No. of Packages,ABC,EAN,1000000000001,ABC,100018,,154.99,,144.99,20,50,36,,"Natural Oak engineered hardwood flooring in metric size 1219 x 178 mm. Waterproof, tongue & groove, smooth finish.",Waterproof | Tongue & groove | Multiâ€‘ply core | Scratchâ€‘resistant | DIY installation,,Waterproof construction,,,,,https://example.com/images/natural-oak-48x7-main.jpg,,,,,,,,,No,Natural Oak,1219 x 178 mm,Wood plank,Engineered hardwood,Tongue and groove,Rectangular,Smooth wood grain,3,,1219,Millimetres,,178,Millimetres,10,Millimetres,,,30.02,Kilograms,,,,,,,,,,1,3,Days,Plank,Glue down
Active,Create or Replace (Full Update),Natural Oak Engineered Hardwood Flooring 1524 x 191 mm (12-Pack),M-NO-1524X191mm-12,LAMINATE,Child,EHF-PARENT,Size/Colour/No. of Packages,ABC,EAN,1000000000001,ABC,100018,,139.99,,129.99,20,50,12,,"Natural Oak engineered hardwood flooring in metric size 1524 x 191 mm. Waterproof, tongue & groove, smooth finish.",Waterproof | Tongue & groove | Multiâ€‘ply core | Scratchâ€‘resistant | DIY installation,,Waterproof construction,,,,,https://example.com/images/natural-oak-60x75-main.jpg,,,,,,,,,No,Natural Oak,1524 x 191 mm,Wood plank,Engineered hardwood,Tongue and groove,Rectangular,Smooth wood grain,1,,1524,Millimetres,,191,Millimetres,12,Millimetres,,,11.12,Kilograms,,,,,,,,,,1,3,Days,Plank,Glue down
Active,Create or Replace (Full Update),Natural Oak Engineered Hardwood Flooring 1524 x 191 mm (24-Pack),M-NO-1524X191mm-24,LAMINATE,Child,EHF-PARENT,Size/Colour/No. of Packages,ABC,EAN,1000000000001,ABC,100018,,154.99,,144.99,20,50,24,,"Natural Oak engineered hardwood flooring in metric size 1524 x 191 mm. Waterproof, tongue & groove, smooth finish.",Waterproof | Tongue & groove | Multiâ€‘ply core | Scratchâ€‘resistant | DIY installation,,Waterproof construction,,,,,https://example.com/images/natural-oak-60x75-main.jpg,,,,,,,,,No,Natural Oak,1524 x 191 mm,Wood plank,Engineered hardwood,Tongue and groove,Rectangular,Smooth wood grain,2,,1524,Millimetres,,191,Millimetres,12,Millimetres,,,20.72,Kilograms,,,,,,,,,,1,3,Days,Plank,Glue down
Active,Create or Replace (Full Update),Natural Oak Engineered Hardwood Flooring 1524 x 191 mm (36-Pack),M-NO-1524X191mm-36,LAMINATE,Child,EHF-PARENT,Size/Colour/No. of Packages,ABC,EAN,1000000000001,ABC,100018,,164.99,,154.99,20,50,36,,"Natural Oak engineered hardwood flooring in metric size 1524 x 191 mm. Waterproof, tongue & groove, smooth finish.",Waterproof | Tongue & groove | Multiâ€‘ply core | Scratchâ€‘resistant | DIY installation,,Waterproof construction,,,,,https://example.com/images/natural-oak-60x75-main.jpg,,,,,,,,,No,Natural Oak,1524 x 191 mm,Wood plank,Engineered hardwood,Tongue and groove,Rectangular,Smooth wood grain,3,,1524,Millimetres,,191,Millimetres,12,Millimetres,,,30.32,Kilograms,,,,,,,,,,1,3,Days,Plank,Glue down
Active,Create or Replace (Full Update),Grey Oak Engineered Hardwood Flooring 914 x 152 mm (12-Pack),M-GO-914X152mm-12,LAMINATE,Child,EHF-PARENT,Size/Colour/No. of Packages,ABC,EAN,1000000000001,ABC,100018,,119.99,,109.99,20,50,12,,"Grey Oak engineered hardwood flooring in metric size 914 x 152 mm. Waterproof, tongue & groove, smooth finish.",Waterproof | Tongue & groove | Multiâ€‘ply core | Scratchâ€‘resistant | DIY installation,,Waterproof construction,,,,,https://example.com/images/grey-oak-36x6-main.jpg,,,,,,,,,No,Grey Oak,914 x 152 mm,Wood plank,Engineered hardwood,Tongue and groove,Rectangular,Smooth wood grain,1,,914,Millimetres,,152,Millimetres,10,Millimetres,,,10.51,Kilograms,,,,,,,,,,1,3,Days,Plank,Glue down
Active,Create or Replace (Full Update),Grey Oak Engineered Hardwood Flooring 914 x 152 mm (24-Pack),M-GO-914X152mm-24,LAMINATE,Child,EHF-PARENT,Size/Colour/No. of Packages,ABC,EAN,1000000000001,ABC,100018,,134.99,,124.99,20,50,24,,"Grey Oak engineered hardwood flooring in metric size 914 x 152 mm. Waterproof, tongue & groove, smooth finish.",Waterproof | Tongue & groove | Multiâ€‘ply core | Scratchâ€‘resistant | DIY installation,,Waterproof construction,,,,,https://example.com/images/grey-oak-36x6-main.jpg,,,,,,,,,No,Grey Oak,914 x 152 mm,Wood plank,Engineered hardwood,Tongue and groove,Rectangular,Smooth wood grain,2,,914,Millimetres,,152,Millimetres,10,Millimetres,,,20.11,Kilograms,,,,,,,,,,1,3,Days,Plank,Glue down
Active,Create or Replace (Full Update),Grey Oak Engineered Hardwood Flooring 914 x 152 mm (36-Pack),M-GO-914X152mm-36,LAMINATE,Child,EHF-PARENT,Size/Colour/No. of Packages,ABC,EAN,1000000000001,ABC,100018,,144.99,,134.99,20,50,36,,"Grey Oak engineered hardwood flooring in metric size 914 x 152 mm. Waterproof, tongue & groove, smooth finish.",Waterproof | Tongue & groove | Multiâ€‘ply core | Scratchâ€‘resistant | DIY installation,,Waterproof construction,,,,,https://example.com/images/grey-oak-36x6-main.jpg,,,,,,,,,No,Grey Oak,914 x 152 mm,Wood plank,Engineered hardwood,Tongue and groove,Rectangular,Smooth wood grain,3,,914,Millimetres,,152,Millimetres,10,Millimetres,,,29.71,Kilograms,,,,,,,,,,1,3,Days,Plank,Glue down
Active,Create or Replace (Full Update),Grey Oak Engineered Hardwood Flooring 1219 x 178 mm (12-Pack),M-GO-1219X178mm-12,LAMINATE,Child,EHF-PARENT,Size/Colour/No. of Packages,ABC,EAN,1000000000001,ABC,100018,,129.99,,119.99,20,50,12,,"Grey Oak engineered hardwood flooring in metric size 1219 x 178 mm. Waterproof, tongue & groove, smooth finish.",Waterproof | Tongue & groove | Multiâ€‘ply core | Scratchâ€‘resistant | DIY installation,,Waterproof construction,,,,,https://example.com/images/grey-oak-48x7-main.jpg,,,,,,,,,No,Grey Oak,1219 x 178 mm,Wood plank,Engineered hardwood,Tongue and groove,Rectangular,Smooth wood grain,1,,1219,Millimetres,,178,Millimetres,10,Millimetres,,,10.82,Kilograms,,,,,,,,,,1,3,Days,Plank,Glue down
Active,Create or Replace (Full Update),Grey Oak Engineered Hardwood Flooring 1219 x 178 mm (24-Pack),M-GO-1219X178mm-24,LAMINATE,Child,EHF-PARENT,Size/Colour/No. of Packages,ABC,EAN,1000000000001,ABC,100018,,144.99,,134.99,20,50,24,,"Grey Oak engineered hardwood flooring in metric size 1219 x 178 mm. Waterproof, tongue & groove, smooth finish.",Waterproof | Tongue & groove | Multiâ€‘ply core | Scratchâ€‘resistant | DIY installation,,Waterproof construction,,,,,https://example.com/images/grey-oak-48x7-main.jpg,,,,,,,,,No,Grey Oak,1219 x 178 mm,Wood plank,Engineered hardwood,Tongue and groove,Rectangular,Smooth wood grain,2,,1219,Millimetres,,178,Millimetres,10,Millimetres,,,20.42,Kilograms,,,,,,,,,,1,3,Days,Plank,Glue down
Active,Create or Replace (Full Update),Grey Oak Engineered Hardwood Flooring 1219 x 178 mm (36-Pack),M-GO-1219X178mm-36,LAMINATE,Child,EHF-PARENT,Size/Colour/No. of Packages,ABC,EAN,1000000000001,ABC,100018,,154.99,,144.99,20,50,36,,"Grey Oak engineered hardwood flooring in metric size 1219 x 178 mm. Waterproof, tongue & groove, smooth finish.",Waterproof | Tongue & groove | Multiâ€‘ply core | Scratchâ€‘resistant | DIY installation,,Waterproof construction,,,,,https://example.com/images/grey-oak-48x7-main.jpg,,,,,,,,,No,Grey Oak,1219 x 178 mm,Wood plank,Engineered hardwood,Tongue and groove,Rectangular,Smooth wood grain,3,,1219,Millimetres,,178,Millimetres,10,Millimetres,,,30.02,Kilograms,,,,,,,,,,1,3,Days,Plank,Glue down
Active,Create or Replace (Full Update),Grey Oak Engineered Hardwood Flooring 1524 x 191 mm (12-Pack),M-GO-1524X191mm-12,LAMINATE,Child,EHF-PARENT,Size/Colour/No. of Packages,ABC,EAN,1000000000001,ABC,100018,,139.99,,129.99,20,50,12,,"Grey Oak engineered hardwood flooring in metric size 1524 x 191 mm. Waterproof, tongue & groove, smooth finish.",Waterproof | Tongue & groove | Multiâ€‘ply core | Scratchâ€‘resistant | DIY installation,,Waterproof construction,,,,,https://example.com/images/grey-oak-60x75-main.jpg,,,,,,,,,No,Grey Oak,1524 x 191 mm,Wood plank,Engineered hardwood,Tongue and groove,Rectangular,Smooth wood grain,1,,1524,Millimetres,,191,Millimetres,12,Millimetres,,,11.12,Kilograms,,,,,,,,,,1,3,Days,Plank,Glue down
Active,Create or Replace (Full Update),Grey Oak Engineered Hardwood Flooring 1524 x 191 mm (24-Pack),M-GO-1524X191mm-24,LAMINATE,Child,EHF-PARENT,Size/Colour/No. of Packages,ABC,EAN,1000000000001,ABC,100018,,154.99,,144.99,20,50,24,,"Grey Oak engineered hardwood flooring in metric size 1524 x 191 mm. Waterproof, tongue & groove, smooth finish.",Waterproof | Tongue & groove | Multiâ€‘ply core | Scratchâ€‘resistant | DIY installation,,Waterproof construction,,,,,https://example.com/images/grey-oak-60x75-main.jpg,,,,,,,,,No,Grey Oak,1524 x 191 mm,Wood plank,Engineered hardwood,Tongue and groove,Rectangular,Smooth wood grain,2,,1524,Millimetres,,191,Millimetres,12,Millimetres,,,20.72,Kilograms,,,,,,,,,,1,3,Days,Plank,Glue down
Active,Create or Replace (Full Update),Grey Oak Engineered Hardwood Flooring 1524 x 191 mm (36-Pack),M-GO-1524X191mm-36,LAMINATE,Child,EHF-PARENT,Size/Colour/No. of Packages,ABC,EAN,1000000000001,ABC,100018,,164.99,,154.99,20,50,36,,"Grey Oak engineered hardwood flooring in metric size 1524 x 191 mm. Waterproof, tongue & groove, smooth finish.",Waterproof | Tongue & groove | Multiâ€‘ply core | Scratchâ€‘resistant | DIY installation,,Waterproof construction,,,,,https://example.com/images/grey-oak-60x75-main.jpg,,,,,,,,,No,Grey Oak,1524 x 191 mm,Wood plank,Engineered hardwood,Tongue and groove,Rectangular,Smooth wood grain,3,,1524,Millimetres,,191,Millimetres,12,Millimetres,,,30.32,Kilograms,,,,,,,,,,1,3,Days,Plank,Glue down